"uid","score"
1,480.677243382428
2,409.627139125328
3,536.207994880528
4,527.057229987965
5,572.544304780261
6,563.007726289643
7,648.38333106461
8,434.832284405622
9,442.430454967599
10,518.807844674293
11,574.524007116442
12,541.650810165328
13,549.048634046575
14,416.713116924419
15,576.821251685886
16,619.54270093669
17,455.146324829921
18,518.1304824612
19,502.35280061968
20,516.351558732161
21,472.831038812398
22,324.208274168242
23,524.945088096055
24,527.650387366853
25,625.012241879182
26,652.21546496552
27,377.917846072904
28,699.404761084326
29,401.803372509871
30,353.754322895381
31,359.652900635392
32,496.225441083225
33,643.60174106501
34,479.290865241196
35,529.531171775293
36,382.308134007116
37,532.675584701771
38,627.057229272302
39,507.227868827899
40,480.287553276937
41,525.576498929544
42,508.725379270995
43,460.638448074866
44,560.411429601854
45,552.094489149363
46,554.024537545746
47,442.154370206112
48,518.76248535082
49,485.855502066125
50,467.660951530396
51,371.355156251721
52,544.243560284274
53,514.667874907013
54,643.729836129962
55,637.499961619086
56,614.170369960602
57,416.228339705632
58,632.58571813698
59,587.467904501342
60,408.360489380325
61,444.31784070213
62,597.084113486409
63,324.944942433798
64,441.575550017104
65,586.366804602633
66,453.807400663317
67,624.088305040488
68,485.743845491432
69,596.117993645374
70,567.116422147649
71,406.189832828802
72,528.709710346071
73,590.339310544604
74,510.836545490324
75,508.878130712262
76,557.71175501847
77,548.310249881187
78,418.376674327997
79,552.404102370537
80,554.323464765709
81,623.520500736488
82,369.413240148365
83,439.918398061256
84,491.845120842313
85,467.436146951242
86,448.676460612497
87,518.207855652756
88,597.512562640942
89,363.094143286229
90,556.044090713371
91,474.32616631227
92,400.707387722139
93,487.131566391513
94,506.701106349766
95,545.269938764009
96,445.256948184537
97,568.201909539846
98,460.449927276131
99,582.661104704841
100,476.437505072815
101,479.231886915931
102,499.034887471662
103,393.35081858302
104,562.415361509383
105,335.540348659826
106,422.231074028829
107,519.060394545162
108,584.047852438948
109,342.617755983096
110,597.718388370361
111,517.012666815968
112,438.563659024555
113,476.409886039782
114,480.482252697238
115,531.267074695366
116,517.389162289459
117,560.997395044069
118,484.788402041311
119,483.48494402513
120,392.861777526212
121,538.395555976713
122,603.703331407487
123,482.957709000792
124,542.572191733088
125,521.838627298116
126,500.840833528403
127,579.258361587844
128,532.561074500239
129,562.177229906062
130,480.552162880081
131,525.711627785399
132,495.386389677573
133,567.551114506098
134,411.368620704632
135,632.550825567572
136,611.992961260422
137,564.357116066521
138,517.482259423674
139,426.988885222009
140,568.015934287368
141,551.918286974457
142,570.534449483257
143,498.964983919314
144,459.15818141013
145,457.64974231363
146,333.917889599784
147,590.8146505338
148,535.43975442261
149,471.217501708685
150,589.348101246159
151,659.526142862659
152,596.0347458839
153,616.948256488144
154,587.330321290908
155,649.539285411883
156,315.371714335268
157,626.361035756678
158,558.39712363429
159,544.73223543061
160,549.943742299179
161,559.400183515234
162,635.650726734009
163,498.460851770035
164,446.632785818393
165,537.488611231692
166,464.805020783252
167,687.084818919922
168,598.397485708282
169,490.001240276196
170,478.413634529477
171,429.526769510726
172,453.15653243613
173,643.060606966009
174,466.703184202199
175,545.155382620972
176,363.424543877787
177,387.93000741236
178,564.524620993025
179,491.448499163401
180,391.125546940251
181,485.125350876793
182,632.999403486855
183,520.921189314799
184,469.161491770619
185,567.263849048081
186,405.277113853413
187,567.717708689324
188,445.533871000604
189,594.699292652211
190,650.762833693679
191,560.419158762628
192,486.147563630339
193,423.182153955056
194,551.212664193261
195,603.061186761301
196,560.047279427788
197,588.233716676413
198,446.538833161644
199,532.880381342495
200,394.868334107424
201,514.839507586697
202,738.092764026674
203,581.616571857947
204,480.17545406442
205,492.766891956895
206,502.995862220106
207,642.882923046689
208,473.532685960505
209,549.077889876861
210,457.155663697907
211,510.967908559625
212,431.434617248692
213,550.650178818517
214,621.636602254822
215,611.085491843021
216,536.5955780195
217,557.614824934103
218,734.968227685866
219,454.745856048823
220,529.70575105383
221,518.526071844837
222,363.120884753901
223,633.389119150918
224,505.700437283909
225,656.384567119425
226,585.559367453027
227,466.90734317012
228,553.743049107577
229,641.704688399764
230,463.710452747667
231,587.064832028647
232,443.228304392184
233,651.175596146294
234,449.899236751606
235,480.235965188059
236,416.386910284819
237,491.370515928724
238,437.133980943329
239,442.93959705791
240,380.818001916998
241,395.700333628408
242,515.484733056565
243,620.600680121766
244,546.098225538569
245,536.151172950772
246,643.749281141986
247,389.264820711857
248,504.432081745822
249,460.242359250591
250,441.003810511611
251,597.288600179557
252,556.657432933173
253,563.544153538912
254,484.666033168894
255,601.97979019876
256,609.454139487946
257,660.644909037364
258,413.038365028068
259,523.732650145872
260,565.619367836027
261,502.364363688463
262,568.998518843865
263,456.040657027482
264,591.272709370563
265,479.969784829143
266,505.76752870142
267,524.15077306286
268,528.392651115083
269,523.657535577166
270,567.569438703156
271,540.009822434112
272,669.918690212702
273,499.614421877949
274,490.152718117147
275,573.714229578882
276,608.936323130459
277,623.288843522966
278,481.397590339242
279,560.819053320654
280,546.567678535149
281,632.50463010737
282,588.596397778958
283,523.087217454847
284,533.908081655248
285,490.947224449181
286,413.221254609704
287,527.998560265317
288,566.744954514232
289,475.295170227069
290,423.363625106589
291,435.078229521409
292,551.825341303077
293,533.909534828285
294,534.634940978733
295,457.409124725097
296,448.331584604838
297,457.442545606719
298,487.72874189236
299,501.886697747321
300,532.691608811351
301,425.52715218241
302,627.660734953452
303,450.124308291759
304,469.950140838337
305,561.741963762826
306,349.255330289231
307,547.41072685816
308,533.497728327831
309,455.32068378657
310,505.558477888582
311,551.272880934867
312,564.640540182444
313,380.112476865114
314,493.96392013933
315,482.002351806215
316,489.260391244956
317,486.173234941022
318,406.562885614748
319,457.710192870078
320,616.465994109029
321,525.428618712798
322,426.010244286725
323,493.766065739728
324,429.322148279466
325,664.960685411679
326,579.517963867875
327,463.313273082997
328,575.281579841127
329,531.108227621141
330,558.208619859291
331,398.591414431307
332,486.925473391649
333,518.932804193692
334,473.010192127694
335,514.674050975889
336,486.276797659619
337,551.332150524209
338,552.090911199698
339,519.599088955085
340,518.124055200302
341,338.362259891773
342,474.800562912031
343,620.378793154713
344,506.58089848884
345,608.785548294786
346,547.963555684216
347,555.781550833877
348,534.229997236597
349,622.607877972063
350,586.724384356731
351,479.604574016459
352,544.34136658706
353,564.028475359006
354,612.867201421278
355,547.338634101858
356,441.096403998212
357,601.820123115563
358,495.307983328226
359,533.874948811345
360,515.934677471631
361,519.12604170407
362,436.255814033122
363,617.086498323391
364,637.367751616582
365,477.176801160544
366,661.34738472455
367,527.983885555892
368,341.181119399465
369,490.370590637138
370,388.877626549196
371,485.435080427014
372,476.8840881757
373,449.427159881023
374,471.147774594076
375,598.966536874572
376,481.647306046296
377,605.818550094304
378,376.243704404018
379,531.367744491511
380,565.928717769833
381,594.123853300004
382,543.150518281409
383,440.70030279746
384,578.507046189172
385,648.683142214175
386,366.34077497045
387,399.616551782501
388,600.8175845735
389,470.140599492186
390,507.74885839352
391,592.588500634935
392,491.71471029814
393,519.991676265463
394,642.51473110884
395,389.833594446835
396,635.630875081393
397,551.297140714295
398,397.018950737357
399,517.363330824277
400,467.678427271878
401,627.372914046481
402,394.338922798511
403,575.613644281867
404,594.121995332037
405,438.905469829947
406,607.698804117668
407,535.346759687428
408,545.890508753353
409,564.559033534252
410,486.52204093796
411,533.264808436989
412,521.167126350622
413,561.163788375611
414,496.596747868311
415,439.438738116232
416,492.411368716713
417,468.958134042505
418,514.263095972943
419,593.914851836844
420,468.207366282858
421,615.204541545729
422,580.348367252112
423,612.365329660336
424,581.688401304675
425,695.013941778005
426,560.32348943676
427,487.955649854304
428,273.485343324903
429,484.031499363938
430,464.906318606152
431,618.705555299466
432,566.937101145476
433,473.355229227028
434,462.893577721916
435,666.60272583318
436,550.175027750456
437,574.199924276781
438,455.777973628224
439,505.970162467744
440,509.949053522288
441,421.84425779402
442,569.140955122344
443,647.823187583638
444,440.31131670732
445,595.293443748638
446,581.124137373963
447,448.441961305181
448,618.425774698055
449,592.767787059507
450,464.256336724049
451,667.578976962508
452,486.327181832749
453,687.664754790557
454,536.390807647659
455,503.30612119039
456,408.178744453191
457,396.625206333966
458,690.445322479804
459,493.713338519356
460,533.369250952933
461,563.606890663844
462,564.141766833376
463,493.353549161313
464,533.388621293439
465,409.722642874071
466,531.858408245759
467,372.275319601257
468,612.050825712614
469,537.12522685272
470,495.494576821291
471,379.133210697496
472,474.635740358718
473,474.555468522574
474,443.459164239315
475,489.561519841536
476,553.072016003633
477,497.464927887931
478,762.037664178056
479,560.56037659402
480,428.686311354672
481,474.414272690453
482,329.898074813469
483,568.200764809692
484,509.203205873846
485,461.332397410563
486,454.029278086569
487,350.525465343706
488,468.268142697436
489,467.520340944657
490,443.481789302454
491,578.763583907283
492,529.047531173275
493,522.56974501725
494,496.074721952605
495,503.240573777648
496,608.450804199166
497,500.202410813177
498,499.575830759022
499,553.811396042858
500,605.979416804988
501,529.783213936933
502,469.262902225591
503,573.201315066784
504,494.965812682904
505,520.831214748527
506,446.285905242003
507,532.284596761234
508,434.027770160956
509,550.405054925358
510,408.012124881237
511,552.964098826329
512,429.934280915818
513,521.79044165093
514,623.284686963328
515,587.547524448923
516,500.407218024174
517,492.418344667907
518,442.118972907313
519,455.649305026883
520,704.19865735676
521,497.291171595584
522,638.221648738229
523,567.466942935113
524,499.188491050788
525,344.977836364368
526,563.894495556796
527,399.800196797321
528,581.725090621403
529,458.355367699245
530,461.757015436277
531,441.32857800355
532,583.254004091259
533,380.181889334067
534,613.569292379271
535,499.658700230226
536,621.959153424401
537,580.397343769023
538,441.037905626777
539,430.103111788953
540,438.059380398888
541,467.750742381687
542,484.846858117436
543,517.252682000964
544,549.98577206764
545,472.269063650518
546,525.63490110974
547,477.571860001817
548,654.476736357822
549,418.387022392062
550,481.248073946466
551,606.438170369307
552,566.98762929855
553,378.631695083398
554,585.695272793292
555,636.885071432322
556,582.076273847168
557,517.231755266211
558,307.738501333925
559,384.544648960235
560,514.766203570219
561,664.106747799476
562,527.044412631374
563,330.288935640015
564,549.808306360516
565,575.962264153098
566,662.444979814096
567,544.93352429027
568,507.777694688964
569,493.243952931382
570,443.197161881341
571,530.066532189521
572,433.155731778921
573,703.861495543046
574,551.388809298663
575,564.252910746073
576,633.772325002085
577,581.473830686954
578,460.092652809163
579,466.434955522073
580,565.231193587045
581,479.184342851671
582,470.011633599387
583,421.536378966574
584,576.64362678063
585,622.468166385175
586,560.422897341811
587,541.375730246565
588,525.058780043902
589,419.395100218919
590,463.148222277326
591,491.612178990155
592,649.332956871051
593,488.784096315214
594,379.362498398831
595,501.720234281523
596,567.026039548426
597,660.553452847113
598,569.241022615421
599,557.888573210617
600,482.698554252328
601,508.492075448217
602,498.479862867762
603,415.28932464262
604,471.58305232742
605,476.057454241904
606,587.856140748202
607,443.444212349778
608,468.224440499929
609,481.316187990759
610,598.388398866104
611,620.452458456354
612,467.537620652558
613,599.10393775217
614,452.216732674878
615,461.597595636915
616,548.065934500547
617,522.104894885849
618,534.715353697796
619,502.736658713501
620,622.154288961019
621,577.133959243539
622,586.35442313853
623,509.607937920218
624,552.911747207496
625,422.810935931425
626,501.606151546416
627,532.871306543082
628,580.921023573148
629,499.628031755561
630,516.384616234535
631,526.858349309685
632,526.327432285767
633,539.924364035121
634,570.376602959248
635,414.022113112557
636,569.444785741994
637,492.464221192598
638,419.48481876312
639,582.512422845221
640,567.731937652603
641,576.509533000202
642,610.997686779577
643,697.359615541945
644,396.452645717224
645,597.647010736106
646,493.832406760104
647,578.406801856627
648,476.59749054709
649,536.668127603102
650,520.684767472564
651,546.014200890752
652,630.509364449791
653,633.115816514195
654,546.556248861814
655,515.715825391584
656,625.250916574919
657,523.451612686807
658,622.704142665746
659,495.710170439918
660,569.187947924384
661,482.607389671684
662,530.220510748502
663,604.362969469433
664,604.440358693393
665,609.240501355781
666,391.794100370508
667,554.87656065581
668,416.95450467059
669,685.526166571236
670,575.429207302716
671,330.064808227059
672,446.297762005807
673,532.47048573956
674,567.934014313866
675,613.118384292265
676,396.809443834789
677,751.357752219571
678,509.413187900905
679,465.542247519255
680,550.416375101092
681,352.945987803758
682,462.2222226822
683,631.95698776244
684,350.484894344645
685,422.40603750444
686,593.124271549799
687,478.749700357629
688,586.362089470656
689,484.0722680121
690,543.312110539406
691,548.516659620374
692,564.120971135968
693,448.05394482909
694,415.190017888649
695,450.283158352343
696,438.853947131288
697,417.001467610708
698,474.348016903535
699,409.485434357361
700,547.06909004778
701,490.536373101124
702,507.291104267349
703,571.016112990611
704,584.241614396723
705,496.525960894089
706,536.240305624209
707,549.663705459849
708,419.061613823063
709,556.983125588524
710,461.951985041888
711,485.329546917491
712,614.717405512165
713,604.296496566219
714,455.642734747673
715,525.048478772365
716,401.889396650043
717,260.318951317005
718,464.592433393797
719,584.191290879845
720,588.201156648796
721,428.920645339614
722,563.853937886831
723,535.474015068034
724,542.581851345929
725,480.382294403948
726,489.560434026643
727,641.448498225416
728,525.487427725803
729,404.579935963184
730,552.945174672224
731,570.050280070643
732,249.283825123433
733,632.91301556934
734,522.215782219527
735,541.160098575263
736,516.952526202106
737,445.491346238261
738,509.090055679686
739,541.610306855183
740,509.182068049615
741,560.689115611862
742,554.422351537976
743,490.338447869024
744,575.309093474626
745,595.366743636899
746,689.804173824466
747,597.491848752801
748,394.571126685377
749,563.417789262261
750,415.486437318476
751,472.758006158319
752,481.599470628219
753,591.086342557213
754,624.293305743686
755,701.482066947294
756,522.232686075166
757,533.967003374862
758,519.393776543467
759,653.204157022721
760,614.317531926283
761,603.582026740714
762,443.386521709852
763,662.065020421452
764,479.519985634157
765,488.366217977738
766,440.446317175005
767,593.146361290229
768,420.4852297649
769,481.714522033555
770,516.766543833077
771,451.672908447633
772,594.628518232061
773,612.334631917912
774,365.308263163755
775,369.386970606707
776,512.206287158266
777,608.606267777934
778,612.306077004834
779,570.487389537204
780,530.071743800315
781,485.974678336189
782,403.185318272082
783,361.237067287753
784,514.389124274541
785,466.818758275538
786,500.601661114712
787,532.969272996676
788,586.534568433948
789,523.608574782348
790,675.715149220848
791,585.203851079048
792,583.031043558662
793,524.990665092414
794,494.956655218752
795,622.376217775685
796,529.612746464652
797,581.095089013606
798,605.318178111256
799,502.262171441355
800,478.837921729781
801,655.088915390389
802,546.626170014183
803,375.554202474306
804,584.16889130779
805,508.153363878859
806,390.811232895399
807,574.583112489327
808,665.183154006851
809,437.663705321949
810,533.991376047222
811,661.827786349078
812,497.817121694348
813,501.425783464827
814,592.509834007857
815,474.147292868534
816,474.178086282963
817,587.520138526027
818,508.312355745054
819,473.511359253405
820,454.708599182599
821,408.651332139736
822,442.810801613073
823,532.453741940193
824,550.181200015307
825,789.300615504849
826,476.969149113717
827,412.583911268792
828,472.960490291346
829,617.104325920361
830,482.929556628782
831,385.218408937635
832,495.708331148143
833,512.519769518921
834,604.45283725823
835,493.280632434407
836,474.884563304335
837,664.815749294639
838,534.359668734328
839,573.858281762934
840,555.42632880886
841,453.535394317428
842,452.282456322062
843,588.904689204672
844,523.256666140809
845,477.301881206808
846,652.662518867928
847,500.717240425437
848,504.022436081031
849,621.228618391086
850,536.165546338596
851,569.012736264787
852,718.913870733642
853,619.783263244714
854,581.818312833108
855,674.540274585567
856,589.789762492836
857,466.285969274539
858,619.58297052848
859,411.019319969968
860,671.762365521664
861,638.570959363858
862,493.854422502762
863,587.549745890938
864,443.467807395541
865,417.098372886407
866,722.597564207553
867,555.156168867196
868,574.425170458627
869,559.930650298496
870,463.866033589386
871,435.460112269532
872,571.877880171352
873,497.57123463918
874,442.642048912762
875,495.198343399472
876,398.162091966418
877,564.235212736245
878,426.962732698483
879,510.037571906182
880,612.328055297744
881,519.946628414333
882,442.499399515428
883,505.962966421835
884,543.104246963361
885,447.223369948687
886,500.413497849765
887,488.909625075524
888,538.783503869296
889,369.591092128949
890,610.031928627137
891,471.338544825402
892,556.71123961772
893,476.186246896254
894,527.047666563393
895,477.612730710509
896,558.950628804477
897,661.108096197824
898,410.846359856425
899,468.99727031867
900,346.205539512419
901,482.999698324351
902,448.902201932696
903,457.872520851274
904,555.743545473726
905,555.01789365951
906,448.486783583833
907,539.998339524569
908,706.354045028876
909,608.15609708466
910,587.785203456096
911,495.859837737979
912,522.883166793938
913,636.554196561665
914,482.94912993605
915,480.51247155712
916,563.152846384115
917,576.364227167167
918,441.435064772592
919,615.259301893671
920,499.361166381857
921,450.562477541486
922,431.229176646645
923,556.964057056884
924,512.002023962428
925,476.378713197335
926,468.234438754534
927,569.547136029976
928,541.64002306341
929,576.500007047958
930,534.168083785918
931,494.426949026058
932,556.6209649992
933,484.297561163569
934,426.857065486711
935,416.434645257929
936,484.517779567207
937,484.634030415994
938,580.82494443165
939,592.358609285733
940,587.362191836259
941,645.903446711714
942,387.226557713936
943,317.705749569529
944,550.87868247746
945,433.150536145937
946,471.232222248059
947,524.037780823363
948,556.009364009292
949,428.352183996771
950,622.084692994511
951,446.803239216489
952,635.728549437017
953,455.730966632906
954,597.249362151405
955,497.785416109495
956,601.441565075921
957,320.83282516244
958,559.770396029584
959,440.185116855664
960,546.131159985752
961,414.74593881321
962,481.564892941699
963,532.365200634763
964,410.62619126424
965,533.920363897274
966,510.291101090127
967,473.459410688428
968,419.140398474004
969,608.037237346177
970,489.802202632886
971,523.918067135409
972,488.388182418604
973,511.594382567099
974,549.863431008476
975,416.677957016002
976,413.029345363479
977,513.928478660502
978,517.909054174045
979,501.996036363374
980,464.931618170222
981,475.680865097513
982,536.154622305056
983,311.870089559526
984,498.272621180197
985,374.514522051107
986,541.232462219886
987,712.517980971162
988,430.639306642768
989,632.148140801571
990,513.09058475405
991,509.013388142704
992,390.725178133022
993,594.833377154471
994,396.961883889558
995,396.16709874413
996,482.647681834007
997,306.596962909543
998,714.410742809103
999,487.25254735059
1000,576.965802190267
1001,490.402851646367
1002,472.006786969324
1003,449.960328305808
1004,610.009351535106
1005,549.484224153092
1006,522.598197403859
1007,596.941460995303
1008,451.916883258582
1009,510.196392967504
1010,511.519317266262
1011,474.773241413478
1012,554.085885194967
1013,506.128781565913
1014,557.546920065729
1015,671.654090736413
1016,512.800511226342
1017,502.538492596804
1018,418.609547984982
1019,561.012690928027
1020,579.421551237057
1021,440.467207304993
1022,495.092774701896
1023,542.25988878622
1024,483.298810394963
1025,407.299174895644
1026,512.100516087443
1027,522.871361165099
1028,482.809968082692
1029,463.628129768662
1030,509.849075882556
1031,432.075368962881
1032,441.5406133312
1033,560.855886955447
1034,420.549988675957
1035,494.090941292832
1036,465.104659768886
1037,443.100097064544
1038,611.637859833704
1039,442.491132475267
1040,529.525493961853
1041,595.281209263163
1042,499.770515637755
1043,620.769815773447
1044,429.682883425199
1045,415.216241751747
1046,507.433226867313
1047,488.032882488672
1048,494.504777085215
1049,617.640343379637
1050,334.725734808605
1051,635.564020254933
1052,459.703453652511
1053,554.869807282643
1054,450.793132530954
1055,611.739872390007
1056,601.179608861331
1057,483.602569346448
1058,568.907798707902
1059,417.994727969594
1060,548.538560814205
1061,437.704107688618
1062,491.396424255032
1063,629.601368097346
1064,577.091295283032
1065,564.343976871651
1066,489.602972843283
1067,554.067335924144
1068,618.71380361406
1069,470.02730655873
1070,436.130907754922
1071,583.492310561996
1072,535.527377275283
1073,585.845719590371
1074,581.629747929321
1075,571.953070569907
1076,618.870151400752
1077,508.183282311331
1078,600.718167839967
1079,416.30883586262
1080,594.723933147064
1081,497.278003653934
1082,464.663211070052
1083,621.641519302734
1084,542.072077835599
1085,449.606769463646
1086,420.822789570479
1087,395.492821929594
1088,456.697885869619
1089,487.857455831136
1090,560.386638173746
1091,623.961557508987
1092,477.09423752678
1093,478.533782353
1094,445.999733799885
1095,482.440270218028
1096,409.808606464631
1097,486.656889955629
1098,514.826448584288
1099,639.643904389146
1100,540.703263851786
1101,334.823788855809
1102,406.499246206624
1103,493.498947331314
1104,396.633292226974
1105,604.499223121266
1106,341.799965322121
1107,439.835629731143
1108,465.202203624729
1109,475.831262452869
1110,561.382355461957
1111,429.56008593945
1112,509.563859028006
1113,487.897402849457
1114,386.260796276944
1115,590.892660269623
1116,475.10675108608
1117,564.884797935673
1118,511.657109103576
1119,595.63563902186
1120,464.367050227236
1121,516.550804487421
1122,449.93831153575
1123,449.266628260242
1124,601.225019762534
1125,478.020483236325
1126,530.296387387586
1127,514.782382330202
1128,491.978916796652
1129,446.981517801343
1130,502.646925639393
1131,479.965843117502
1132,674.287268461606
1133,571.614181428765
1134,493.540775410946
1135,531.626265484711
1136,462.463738898329
1137,664.744257394826
1138,538.607880491667
1139,418.225940560105
1140,430.202743411618
1141,502.109646062721
1142,497.335929734023
1143,454.339645803865
1144,414.798720255322
1145,449.56316340853
1146,660.029851067694
1147,466.596350886785
1148,577.572862311359
1149,377.224561851545
1150,359.089562007725
1151,464.874349773448
1152,409.497483880365
1153,469.99613973687
1154,545.176158116561
1155,440.096539176854
1156,362.629780920191
1157,505.764781737016
1158,467.497429799485
1159,438.721923885904
1160,494.914758476025
1161,428.973278871473
1162,553.068315114291
1163,325.420391245084
1164,498.472635617966
1165,553.978358042707
1166,544.482089047644
1167,599.973205420544
1168,493.170670417591
1169,491.497701115805
1170,559.677231648508
1171,614.557469572679
1172,510.536769618328
1173,398.234279124331
1174,510.796261316229
1175,566.078137728008
1176,500.220206435711
1177,600.116398834018
1178,518.515919462811
1179,481.89180193792
1180,650.0777412277
1181,572.721059111758
1182,470.136481368373
1183,604.882160021875
1184,564.559537709382
1185,449.138555445233
1186,514.839045095135
1187,453.082653700443
1188,604.317783979825
1189,513.772281738093
1190,650.387826632257
1191,602.469742439541
1192,355.232570546197
1193,493.898412928674
1194,478.16533755279
1195,566.880433844542
1196,513.732485583515
1197,420.615460352623
1198,530.23542351127
1199,338.833739702184
1200,674.925911677573
1201,530.598585093894
1202,553.161473994744
1203,540.342032075116
1204,403.138914065957
1205,588.701342590315
1206,470.913259472445
1207,560.187388378608
1208,530.77069791143
1209,441.718828980895
1210,421.681456552202
1211,446.026596167945
1212,592.307909627214
1213,530.514278742121
1214,463.608172433031
1215,470.266451310027
1216,636.196401190606
1217,652.409420332831
1218,526.923989153913
1219,642.06876812405
1220,430.516719625439
1221,662.508470015011
1222,460.278671769467
1223,709.542979466318
1224,565.693852352533
1225,549.372362878516
1226,362.377807318295
1227,435.702191691983
1228,463.3256556193
1229,586.111929666629
1230,617.21021198328
1231,436.249118649027
1232,652.904378954175
1233,586.648967943943
1234,485.040657875844
1235,445.121669441195
1236,566.881571415819
1237,444.806852845825
1238,587.013447731254
1239,481.919497131398
1240,529.552574075562
1241,406.839273411246
1242,438.233030865646
1243,452.872431661554
1244,610.373139865925
1245,603.622680732014
1246,625.842299052814
1247,589.877801195624
1248,594.566933547486
1249,508.149205935406
1250,506.89835325866
1251,354.022505395745
1252,487.242448757476
1253,443.744537285117
1254,518.484785770186
1255,498.55375496622
1256,502.520866656342
1257,504.254247749299
1258,486.670227031345
1259,586.399001661644
1260,565.788754450574
1261,755.810474883845
1262,488.81338192759
1263,640.486696046723
1264,495.655405342664
1265,525.156425586359
1266,493.024509325252
1267,425.703735496649
1268,486.743014003131
1269,533.286943562459
1270,495.793853225488
1271,522.223600027227
1272,375.154197471527
1273,484.983422214932
1274,486.539662647672
1275,578.141479244625
1276,548.652132878931
1277,543.321583057821
1278,512.370442368608
1279,592.943679105364
1280,536.234945357056
1281,563.913599959321
1282,505.506388268992
1283,345.054429539371
1284,481.074485288727
1285,492.822827246901
1286,541.669664401212
1287,556.550294952048
1288,432.345458943021
1289,523.300831511127
1290,573.481083487567
1291,673.514910909841
1292,535.403696461634
1293,624.646411276961
1294,565.784898875573
1295,591.129904141829
1296,544.477523555696
1297,559.338150223078
1298,430.179706564171
1299,471.100599539567
1300,465.557284199959
1301,560.179360564185
1302,497.512833352341
1303,397.654333695744
1304,522.010674296872
1305,560.395756239189
1306,420.898920865319
1307,404.468775081578
1308,446.967387936278
1309,393.435216670906
1310,471.352858215764
1311,574.519276767238
1312,529.561078057743
1313,471.230370092831
1314,442.437740716513
1315,557.356690701364
1316,493.21350613233
1317,454.079037071724
1318,548.712001426368
1319,420.586281871615
1320,372.613756553993
1321,478.290968373684
1322,452.536413313998
1323,521.731536841725
1324,518.164899560321
1325,497.483229972979
1326,552.152474187287
1327,660.30978211512
1328,475.4539597917
1329,616.657810654698
1330,493.698229070506
1331,418.401329415482
1332,430.705742654852
1333,691.249672372904
1334,463.531304659953
1335,563.208019153407
1336,530.637117218853
1337,495.131019169078
1338,456.142766839382
1339,479.53397017294
1340,607.217213583731
1341,629.801862251116
1342,511.117421653492
1343,469.123153231745
1344,357.030525955235
1345,434.126636036851
1346,370.351649300954
1347,573.198902940532
1348,572.137713090592
1349,505.654806138849
1350,510.411342365048
1351,531.342220964911
1352,621.759441796317
1353,464.880060573897
1354,611.005501840983
1355,429.742487878273
1356,537.903084504938
1357,447.612780968659
1358,459.722439955853
1359,618.776509789273
1360,498.677883421941
1361,403.362677539177
1362,490.060395249753
1363,470.581269039091
1364,517.072257943212
1365,468.0392818278
1366,458.098969936583
1367,500.389761191116
1368,463.245919222009
1369,520.012621417658
1370,478.919215017387
1371,423.723805648784
1372,437.941344220774
1373,653.251259496639
1374,466.264502398263
1375,637.223623964936
1376,500.456678006578
1377,457.289733999563
1378,386.144442146565
1379,422.610274840067
1380,445.070926792008
1381,507.177858690178
1382,605.924583088804
1383,616.964350198609
1384,541.085259840805
1385,462.519964817491
1386,576.440858539243
1387,497.391821643
1388,642.657583385213
1389,400.465312055625
1390,502.293397431034
1391,494.602573995981
1392,472.404188114355
1393,521.642109747844
1394,377.268599758105
1395,670.236119427526
1396,474.837113099387
1397,461.104550127218
1398,515.154406977555
1399,541.021734275042
1400,466.371938636671
1401,408.682434283175
1402,572.163250974702
1403,575.152245695757
1404,670.508212183923
1405,505.181019825888
1406,583.383120224408
1407,524.359212068012
1408,565.89173894868
1409,491.643639562397
1410,437.692505827413
1411,490.135197931467
1412,652.072997268354
1413,559.262892674765
1414,652.253055417868
1415,506.162608127278
1416,501.663194428491
1417,455.139834422964
1418,403.485189136569
1419,467.596937828253
1420,540.893424955839
1421,380.143066782877
1422,461.355879835017
1423,468.319133796532
1424,708.482616194687
1425,423.631551887026
1426,469.227332116708
1427,491.133696140767
1428,576.158392397014
1429,471.543853428852
1430,587.332411724468
1431,513.119009436173
1432,480.063471943469
1433,625.007102369112
1434,648.561801313507
1435,482.346872596425
1436,592.603911463107
1437,568.229094164938
1438,527.107405845889
1439,603.618777683656
1440,433.911212609908
1441,611.666848508829
1442,416.350082236389
1443,500.486967445134
1444,644.937750394785
1445,416.978330274751
1446,438.92364109038
1447,513.018478226816
1448,651.330556017304
1449,514.002683609141
1450,428.525460787714
1451,526.719244146494
1452,463.554567768939
1453,502.031022430251
1454,475.263922904456
1455,539.452444845559
1456,464.721861418669
1457,571.52941000791
1458,419.708136582702
1459,505.498436733593
1460,490.848786881636
1461,659.58441064047
1462,602.839764676683
1463,494.173940750772
1464,456.687793279703
1465,599.828290520276
1466,507.32995791126
1467,481.277678951343
1468,602.085705015951
1469,576.594921428808
1470,512.053570450423
1471,360.494835108923
1472,496.131659951447
1473,507.605833614639
1474,369.009785804908
1475,556.208813889946
1476,573.315515184987
1477,552.227463576659
1478,646.278064581845
1479,553.796996240433
1480,458.098211156636
1481,480.842132516979
1482,470.674878003631
1483,410.118561112968
1484,422.13802838742
1485,562.760364948407
1486,509.361195174666
1487,590.694418493103
1488,604.679119278381
1489,490.253029634445
1490,529.55291778025
1491,492.908308793409
1492,605.510420737933
1493,467.394807740867
1494,543.191881643523
1495,300.487424245759
1496,544.94868231718
1497,490.049222511484
1498,603.389576787077
1499,531.437521291582
1500,618.255296175516
1501,356.084177448437
1502,464.395677238954
1503,590.421649283397
1504,494.840265356428
1505,604.8907512873
1506,409.847065206494
1507,650.468723766333
1508,569.140357609791
1509,457.838262745774
1510,440.452108075367
1511,503.981242431394
1512,419.83733605868
1513,348.926760266672
1514,483.21631678499
1515,495.538247417044
1516,561.521742456513
1517,461.303451313035
1518,474.488180061519
1519,518.954850156606
1520,738.171690625613
1521,527.054389653992
1522,345.533090652338
1523,479.735475906382
1524,582.612843275574
1525,521.643293423675
1526,408.382108703982
1527,632.146284152662
1528,552.46860595274
1529,554.309493844858
1530,476.39736189067
1531,519.303451452523
1532,556.890427657219
1533,529.662665102133
1534,385.263785535292
1535,346.252663275163
1536,670.522380907386
1537,522.888558667549
1538,606.589353309419
1539,439.541457558311
1540,470.660558450114
1541,566.27635523979
1542,418.070484387343
1543,472.023198484501
1544,355.488037496605
1545,552.312313127782
1546,454.744968379833
1547,504.744804937427
1548,480.673225201036
1549,485.870072428372
1550,509.403014373435
1551,514.522553956048
1552,439.203323817673
1553,501.567768210539
1554,536.036485082186
1555,516.427188702783
1556,393.629482838232
1557,594.712110775547
1558,509.787158776072
1559,578.675343733126
1560,548.735065488337
1561,510.565410818664
1562,423.257515484184
1563,443.609644388187
1564,510.131087211535
1565,634.013993773821
1566,519.117429599334
1567,403.955366187283
1568,524.281762519899
1569,583.835220537926
1570,650.474799092181
1571,561.689610825783
1572,502.01798927303
1573,481.052178294053
1574,530.215723689449
1575,441.659183485753
1576,505.484549190805
1577,413.017634406366
1578,645.644200467824
1579,641.110257080844
1580,616.324187361295
1581,502.789301398916
1582,675.710366039753
1583,460.599147321606
1584,543.499757766179
1585,513.668916346236
1586,421.068630182251
1587,484.940670408996
1588,502.594827106326
1589,417.124064026143
1590,532.505118461636
1591,500.920856978036
1592,538.206880944835
1593,623.962191872548
1594,660.87164645024
1595,541.468012753393
1596,512.760398817276
1597,436.732136512658
1598,453.153538190715
1599,425.931751235217
1600,425.498951231461
1601,475.323859751587
1602,520.700469138349
1603,450.437443648851
1604,527.613861808538
1605,546.144901025017
1606,460.315063025653
1607,423.726090585551
1608,571.086613119196
1609,468.123354783502
1610,456.499935709495
1611,603.873446498181
1612,528.05094033031
1613,498.628381101934
1614,535.694119014395
1615,577.16169453893
1616,399.934555256906
1617,446.077162923805
1618,657.147728315297
1619,490.560973404739
1620,575.549212298203
1621,432.456761103485
1622,601.937057569069
1623,372.707478833207
1624,533.178965877372
1625,410.954552339515
1626,575.372032100645
1627,569.78072335631
1628,576.024647070469
1629,514.640782175581
1630,451.565913806849
1631,484.212391989303
1632,458.002492957842
1633,437.002440313809
1634,419.543863163657
1635,459.837824523762
1636,482.623618381735
1637,495.900478398315
1638,578.636274988809
1639,580.9432445949
1640,464.503284450184
1641,478.593730584559
1642,428.658678544055
1643,594.791135661553
1644,385.414596788145
1645,644.05162927251
1646,515.988985086732
1647,525.319859874583
1648,512.394647753697
1649,528.20060556312
1650,485.370630204862
1651,458.087425308703
1652,394.52267799463
1653,609.651982312919
1654,496.110572489665
1655,504.43066952128
1656,566.958565627626
1657,554.370399332052
1658,542.247187833581
1659,453.782785092944
1660,651.089906622406
1661,459.276357816727
1662,492.598435726922
1663,525.295928434139
1664,437.902490989249
1665,620.626388650814
1666,613.293160946017
1667,482.235862596206
1668,499.663015269443
1669,489.777324169949
1670,656.504241495865
1671,449.048964908592
1672,531.020834107347
1673,607.121980809065
1674,674.84699313408
1675,504.025775924985
1676,728.327085878856
1677,467.388287503979
1678,411.081475768644
1679,505.7673516454
1680,640.65167454006
1681,596.879128984824
1682,451.338016201597
1683,406.387734035433
1684,516.200831004701
1685,515.526104292967
1686,440.215065392632
1687,627.796968728914
1688,565.871005060223
1689,433.741867104405
1690,493.015901871002
1691,655.939713705953
1692,581.504719524276
1693,572.973264830538
1694,541.924594361818
1695,610.041419644447
1696,380.862355995308
1697,447.631907458388
1698,482.839297817902
1699,573.380877708377
1700,401.424100359944
1701,595.02293207151
1702,540.552360740875
1703,582.696490075815
1704,463.81504584715
1705,589.783731390216
1706,560.343338944468
1707,590.196068437461
1708,520.959536769216
1709,373.637876621027
1710,557.098885998381
1711,455.791421976091
1712,565.861586994521
1713,449.161881117356
1714,458.912252839768
1715,488.271461321647
1716,540.937601796357
1717,505.115454946842
1718,471.151103229748
1719,549.073864629114
1720,402.754137059728
1721,488.625801962619
1722,401.929985099784
1723,508.908739380781
1724,525.598110835492
1725,431.298237384331
1726,438.913725754204
1727,555.471313471391
1728,464.099602044083
1729,519.994733983666
1730,640.474983791472
1731,510.640627370834
1732,470.925653319219
1733,422.173063768172
1734,390.756130351557
1735,571.56567213192
1736,505.951687050537
1737,538.727383241637
1738,497.973629741216
1739,420.007333647951
1740,575.690691123953
1741,601.074705551394
1742,513.212696865958
1743,503.026679053323
1744,491.36237544667
1745,559.081288409415
1746,644.764159045159
1747,502.011297916571
1748,442.345727807944
1749,631.177672728636
1750,574.600286373314
1751,486.356769928026
1752,507.247022179663
1753,402.818866444827
1754,467.703447055226
1755,461.291343610204
1756,444.591733532715
1757,487.399522138668
1758,559.717227331582
1759,505.5205095049
1760,491.263386323327
1761,465.828220744699
1762,639.556306805343
1763,562.28417568161
1764,560.795057282613
1765,697.908802701042
1766,508.853889281235
1767,537.950588484496
1768,614.795429364224
1769,565.174109951885
1770,343.33007387352
1771,463.478743669584
1772,597.369213828164
1773,677.755604830127
1774,534.320355513885
1775,482.386934430239
1776,482.73511744066
1777,524.621594122106
1778,419.185278303246
1779,410.425461728039
1780,395.736365645055
1781,489.44335461691
1782,569.330774573116
1783,391.401080531251
1784,387.026316736318
1785,628.475587084275
1786,551.457696137386
1787,522.106422076045
1788,386.30026764874
1789,429.211443784047
1790,565.850349680985
1791,685.233976451401
1792,363.647401203621
1793,557.669544825576
1794,523.150647751215
1795,495.80633895687
1796,472.490426116602
1797,648.936557371056
1798,538.5305804092
1799,510.925930252888
1800,612.859073250579
1801,509.969752475473
1802,486.24878680641
1803,428.372188327937
1804,484.224108179188
1805,452.545007643448
1806,487.511957935026
1807,512.917211663712
1808,578.40980960563
1809,538.602578205393
1810,533.074548574953
1811,499.100173752524
1812,467.741485335304
1813,509.178454616173
1814,549.23086542714
1815,623.094672550708
1816,514.495329175259
1817,511.739229677311
1818,660.121071987416
1819,640.191148944753
1820,481.769193553811
1821,318.148958196968
1822,473.086124294819
1823,563.729519062679
1824,523.125331170859
1825,602.609156007815
1826,442.285572062838
1827,327.569900896339
1828,595.214105070207
1829,398.602294452106
1830,528.716317503927
1831,674.703431009091
1832,585.026295442221
1833,421.452070574801
1834,566.97024704808
1835,563.870680762566
1836,449.126811700251
1837,572.094419934496
1838,495.847361530161
1839,594.192256418155
1840,527.640106482485
1841,498.362733955342
1842,601.367269436063
1843,589.563515059679
1844,565.232376747504
1845,612.374727550136
1846,514.153053033489
1847,568.026419309111
1848,520.43915009774
1849,416.623927621667
1850,438.277048342852
1851,518.764923577916
1852,601.429030458815
1853,428.671334768175
1854,628.074107120504
1855,456.903366544856
1856,568.842107549828
1857,560.438762431439
1858,686.075442002672
1859,505.769598223219
1860,476.16936732591
1861,583.275542740002
1862,525.420853514625
1863,470.508627254503
1864,492.645788085621
1865,383.582135641909
1866,555.447138886962
1867,507.672094387652
1868,443.518090073153
1869,518.477451780086
1870,419.305848630664
1871,633.631346825376
1872,510.96453282973
1873,540.188028294812
1874,469.739691104468
1875,588.025867738495
1876,681.774129694604
1877,507.604256055423
1878,428.329204933306
1879,513.350100957521
1880,340.901022900783
1881,486.277181542745
1882,595.166679040825
1883,487.069548619318
1884,617.607621545165
1885,520.466376435385
1886,531.125088322595
1887,493.203449798579
1888,509.091696314669
1889,583.038713004865
1890,560.465486490529
1891,544.300440838432
1892,641.040476108609
1893,527.155134552836
1894,380.279559403871
1895,435.200265287395
1896,512.979531849206
1897,461.574468760107
1898,478.505685810971
1899,607.681035038994
1900,481.516648221701
1901,435.098206744795
1902,360.048045491474
1903,505.261285597761
1904,578.008669062912
1905,460.830150653083
1906,474.936784989449
1907,601.400890880442
1908,494.364898406202
1909,583.156978796624
1910,555.883190044249
1911,620.533522780919
1912,605.870036490851
1913,629.638135686078
1914,446.284393098646
1915,630.307209646453
1916,498.754705614928
1917,572.43116020483
1918,552.006032070692
1919,546.79256838142
1920,625.828020958572
1921,269.310726495871
1922,583.552823895021
1923,507.077659250608
1924,515.837548269311
1925,658.966875819085
1926,486.605839617233
1927,429.377837113579
1928,516.941029695234
1929,607.199999011096
1930,522.368449068468
1931,723.137047285624
1932,542.039179389767
1933,506.294144501102
1934,479.218569398247
1935,704.959550534486
1936,548.935826211263
1937,642.850513297224
1938,406.289364475692
1939,515.230596381535
1940,484.956680352524
1941,384.45997047434
1942,614.009860977106
1943,326.963851455584
1944,477.662839064729
1945,461.151591629854
1946,476.48214434354
1947,575.60076388526
1948,430.404262531877
1949,457.803799458623
1950,582.435838482014
1951,498.710535838253
1952,455.371147500366
1953,454.490397234817
1954,513.402964918418
1955,484.232216949292
1956,733.532820336496
1957,740.081722756186
1958,569.784809853837
1959,394.171770262628
1960,669.556307254405
1961,629.435831843457
1962,677.862083244517
1963,627.086794046298
1964,617.438062463067
1965,622.961800549026
1966,539.442774039093
1967,492.181402088214
1968,537.979492391973
1969,512.151911457737
1970,551.020431424406
1971,539.450888167281
1972,578.598114708318
1973,545.526767195838
1974,313.725792039196
1975,386.710667031333
1976,591.326259539087
1977,686.140314334951
1978,575.510570593832
1979,580.631373841474
1980,604.767932693313
1981,471.185207208752
1982,785.873656142153
1983,536.354817142827
1984,525.476777960867
1985,523.612966686722
1986,550.449443692206
1987,660.864740078867
1988,592.270110482538
1989,545.112842959439
1990,577.350684653989
1991,440.252752190408
1992,576.553669757591
1993,493.649382468134
1994,640.754270986721
1995,554.55175964014
1996,492.161534097903
1997,506.224984592646
1998,553.377211374407
1999,554.759786817739
2000,549.611393410786
2001,414.051464472
2002,680.378607979482
2003,431.699148662425
2004,551.366414889457
2005,522.994965327244
2006,443.33711421926
2007,752.778392521873
2008,453.918042768581
2009,467.128019177275
2010,436.965501972047
2011,472.210581648313
2012,542.590503523358
2013,318.238387941864
2014,428.675212984234
2015,562.909469388388
2016,592.51737986942
2017,514.950035074638
2018,488.508526290119
2019,689.634970432214
2020,530.839621278093
2021,604.751885159443
2022,367.58271747567
2023,521.721653141868
2024,542.029742747325
2025,308.638127803478
2026,503.74901048837
2027,431.279999904121
2028,538.494252683841
2029,396.598047108488
2030,558.412708521784
2031,405.541016527494
2032,371.737632788343
2033,375.119802049307
2034,489.48364489108
2035,359.909921393088
2036,522.32747247579
2037,547.725219326858
2038,494.829731831114
2039,358.548221986766
2040,519.771963913966
2041,301.034397848045
2042,436.384442856394
2043,560.446931048183
2044,347.697894611344
2045,496.090143841007
2046,460.42642833931
2047,500.373764279771
2048,407.205362994061
2049,359.312588928428
2050,566.457791333368
2051,505.834434858417
2052,434.26121750709
2053,562.476285623586
2054,492.465343036403
2055,447.259984808842
2056,608.094675056847
2057,561.848433222251
2058,652.238912844764
2059,409.558359810455
2060,576.61907583986
2061,486.920125756189
2062,469.259879489443
2063,403.070395239658
2064,396.478294036484
2065,624.635470611408
2066,612.141093900506
2067,297.395517303575
2068,529.587459380172
2069,482.851357578356
2070,535.943745084878
2071,616.93452569605
2072,652.538609027498
2073,601.871690362335
2074,549.601150089372
2075,476.809812356
2076,502.45238482004
2077,416.009093956527
2078,576.193938198221
2079,471.725909459736
2080,409.069514312583
2081,546.306627486136
2082,527.528684432446
2083,436.574630482021
2084,422.675906223404
2085,370.149476892146
2086,438.486659206914
2087,488.360834846345
2088,608.329469484513
2089,384.25011287359
2090,481.555436525316
2091,472.502800363383
2092,527.365271358573
2093,503.403478573149
2094,358.440083902231
2095,601.366935795984
2096,482.442223468322
2097,471.791268727274
2098,403.703349269111
2099,610.097282630583
2100,464.844570728611
2101,339.599388024263
2102,504.445655480862
2103,520.543761349481
2104,499.061761392935
2105,659.32356426996
2106,366.491792610655
2107,476.29438106461
2108,442.24670190687
2109,537.307013566812
2110,418.818220257625
2111,614.142955368018
2112,402.496855400786
2113,535.661357076596
2114,414.467146289345
2115,578.653083838943
2116,481.519753276716
2117,573.598220917032
2118,393.105075360059
2119,462.274119576608
2120,590.886109402729
2121,430.892170213848
2122,546.056771458285
2123,531.800996712034
2124,478.15807784038
2125,244.57639188044
2126,587.793736437815
2127,419.750325004951
2128,582.949085759902
2129,385.261508305788
2130,639.741461364901
2131,494.332357467726
2132,383.17446860206
2133,481.664004694636
2134,457.492007884637
2135,454.942394918387
2136,490.924249796207
2137,640.622923132639
2138,402.504389914106
2139,557.006417257052
2140,645.032248040006
2141,602.043333130356
2142,378.779288641922
2143,527.122560820032
2144,515.879407922091
2145,449.587511269029
2146,481.139969487141
2147,386.98564751285
2148,519.454622314025
2149,436.921292721212
2150,501.374237650202
2151,524.792195311187
2152,408.946242076154
2153,520.620993415649
2154,472.666822997854
2155,530.237058060618
2156,533.743216649263
2157,355.494578096682
2158,529.262061167876
2159,420.880008076184
2160,346.205693742134
2161,463.02253746526
2162,466.318594421164
2163,385.536813766037
2164,582.647329753343
2165,608.228935822967
2166,499.403412929795
2167,483.503663458699
2168,625.009052093779
2169,432.416360332054
2170,558.273471597454
2171,395.727457400778
2172,513.150864428853
2173,360.576778644355
2174,353.218468905477
2175,397.396076728284
2176,495.816762363702
2177,481.191264389869
2178,610.422654804825
2179,399.07984431291
2180,251.063887570871
2181,389.156527365558
2182,402.85828590921
2183,456.667408113998
2184,473.240495440105
2185,672.247012898605
2186,440.426299649506
2187,423.292005065885
2188,628.195563488083
2189,490.049853269566
2190,356.829048354923
2191,438.313856841957
2192,551.241146851398
2193,270.603385882644
2194,376.900815712924
2195,549.90644630534
2196,312.248660077897
2197,445.92076643857
2198,490.272736230294
2199,563.007298498937
2200,504.120502453005
2201,386.1960559415
2202,544.577057738116
2203,535.851687814353
2204,546.934792519735
2205,450.211409859753
2206,424.451353568861
2207,459.176344195615
2208,533.876177221402
2209,601.194962183855
2210,418.724256533053
2211,551.181062976395
2212,498.476305617863
2213,414.528111583117
2214,516.658249957207
2215,426.200084932906
2216,373.447369697967
2217,474.472437457953
2218,572.602720998251
2219,348.473142269392
2220,489.65275429618
2221,585.650016042724
2222,350.96429453156
2223,375.367359262823
2224,522.800812406798
2225,424.198540831358
2226,405.174468457692
2227,458.687626852219
2228,350.542246120684
2229,504.68091536161
2230,517.892202896777
2231,507.255393990343
2232,487.114767925508
2233,293.820178305052
2234,461.572184203365
2235,712.353763989649
2236,425.750620615642
2237,463.141089836871
2238,583.089042646031
2239,421.234774473358
2240,631.213300340841
2241,450.271228214436
2242,552.280558271215
2243,518.714036774738
2244,498.005321398125
2245,563.569604979088
2246,388.994764895017
2247,310.473265420795
2248,513.617084323142
2249,463.452111511557
2250,489.474723203722
2251,446.491864526571
2252,589.081265428981
2253,493.901020528319
2254,458.589705316982
2255,438.20087675745
2256,472.920028759543
2257,571.915850272544
2258,403.385849472728
2259,607.727625362473
2260,558.147612397672
2261,536.177152550917
2262,500.944306768534
2263,524.012092355372
2264,485.324742725234
2265,524.270399545553
2266,336.793980694253
2267,512.427040989938
2268,410.631234673076
2269,558.512563430582
2270,560.398119992276
2271,415.442135778402
2272,374.804541510157
2273,411.571330555587
2274,599.082655827494
2275,490.048557504247
2276,645.527575020973
2277,411.047837224884
2278,494.538948972402
2279,477.495268686989
2280,590.511594197283
2281,530.678378363546
2282,537.402001586285
2283,266.012599258416
2284,477.732288569273
2285,626.219968711051
2286,601.192931015916
2287,468.976648268404
2288,517.050235034996
2289,469.078770817225
2290,357.925541673317
2291,463.559738410489
2292,447.589225905484
2293,340.752778676444
2294,325.071413518652
2295,356.421745029674
2296,491.336369424444
2297,480.428424399915
2298,552.740915724014
2299,577.711958829016
2300,563.66457585622
2301,408.159833861247
2302,441.014074830419
2303,594.498845569069
2304,381.931414855462
2305,498.09755948764
2306,519.72544708067
2307,411.541658842405
2308,578.247211733732
2309,577.734210091345
2310,433.587142741727
2311,502.329844066292
2312,515.536924301722
2313,513.895566385291
2314,489.789719240371
2315,366.436570610816
2316,577.472716166655
2317,681.263461441454
2318,315.695542694699
2319,472.970497168123
2320,589.016309809913
2321,470.681180305145
2322,612.523239119047
2323,544.416410557335
2324,422.090832017001
2325,499.848771124846
2326,491.419693920556
2327,630.337142652056
2328,295.9122678675
2329,496.51351661171
2330,473.52806720821
2331,388.574839864421
2332,693.350645433478
2333,553.55417450246
2334,494.293769526244
2335,348.450873463802
2336,526.472111221518
2337,510.994468507657
2338,613.278460825516
2339,652.920183585158
2340,551.115609484041
2341,562.612241336294
2342,318.769259395094
2343,583.830544887311
2344,708.896747244622
2345,457.701140418475
2346,497.901839066549
2347,446.992851592605
2348,499.839045680616
2349,585.323762814061
2350,406.929472704742
2351,479.038934185057
2352,376.91429705173
2353,546.229029084755
2354,534.877233923809
2355,500.950718111478
2356,601.407200920871
2357,642.117717348296
2358,588.492324284334
2359,626.981428894799
2360,400.973481184426
2361,394.300124125194
2362,469.962303181664
2363,526.951722521195
2364,576.622623521313
2365,524.340215671532
2366,593.878533898123
2367,541.297748709191
2368,477.078682842191
2369,535.130327062029
2370,393.704365705826
2371,352.391925361772
2372,339.319445715233
2373,752.572429087907
2374,367.271842459236
2375,525.723741861883
2376,595.218132322411
2377,356.400919305087
2378,421.358857983855
2379,464.653133163772
2380,584.539789515889
2381,699.62432584607
2382,338.574317844228
2383,508.840743338916
2384,504.284233678085
2385,478.053385209119
2386,572.980424869642
2387,507.078475050926
2388,525.588816880984
2389,355.846521888606
2390,518.707711601106
2391,641.064238094564
2392,368.785166508202
2393,434.89202240401
2394,542.447816116007
2395,546.692573935125
2396,314.060508034013
2397,414.926994604322
2398,535.321107193286
2399,406.873441677643
2400,441.867514863469
2401,428.053817061363
2402,460.892151514216
2403,558.924588602676
2404,680.280757956878
2405,473.854603669566
2406,590.352140488414
2407,357.046365862222
2408,329.842977830525
2409,501.529980566356
2410,470.184777204229
2411,506.605423032579
2412,625.494091398109
2413,494.348420027935
2414,482.139310829124
2415,532.748925378548
2416,475.427043768132
2417,344.674392059671
2418,571.27303730345
2419,539.075522927735
2420,448.898676704276
2421,517.044324267399
2422,578.078121746456
2423,501.56274933088
2424,647.221373171049
2425,408.033132916139
2426,552.029548959321
2427,577.850700456268
2428,504.81720258169
2429,515.006664704989
2430,424.395286935644
2431,656.054407777675
2432,406.011674046734
2433,443.759351189904
2434,501.210111377491
2435,491.613465610948
2436,466.756973433015
2437,673.778271927107
2438,548.835853304651
2439,574.37154956522
2440,521.219987230673
2441,330.378974037882
2442,320.203101235333
2443,476.014381046894
2444,528.266092903618
2445,367.223914975317
2446,652.342904222451
2447,422.012884055963
2448,503.843499378005
2449,643.600363085251
2450,539.564062102559
2451,556.269698614915
2452,585.697437017997
2453,332.133977492121
2454,380.470235872394
2455,704.254093933898
2456,507.794004727887
2457,392.974261479077
2458,407.249210748687
2459,593.587042420563
2460,528.818486568846
2461,516.517264282667
2462,488.386455566765
2463,412.655587578217
2464,594.696722027735
2465,479.141701957877
2466,460.556709947818
2467,606.938406685083
2468,497.676881512509
2469,517.52479773404
2470,383.529810504457
2471,472.669913301044
2472,521.37678234092
2473,446.401069626487
2474,503.291210955439
2475,434.236083701824
2476,518.115327015205
2477,273.843968232864
2478,349.450684381554
2479,456.814176561565
2480,317.409652799513
2481,565.865603256834
2482,401.228297844445
2483,531.463581245727
2484,373.957544165854
2485,410.079711184115
2486,589.932967003333
2487,403.048273633265
2488,637.917478142029
2489,483.980232347736
2490,489.531728183432
2491,478.23042632493
2492,600.082513005038
2493,444.653031964083
2494,502.77498016158
2495,426.314946109401
2496,412.656339045057
2497,403.710710978738
2498,397.744638966435
2499,423.954489992428
2500,529.747307124258
2501,555.07984535151
2502,549.666771081382
2503,303.437663980078
2504,674.420115010035
2505,440.526756331835
2506,471.376366812636
2507,484.024545068558
2508,422.25970747866
2509,550.874474438385
2510,465.163745990191
2511,549.600741867216
2512,588.183272892923
2513,576.922659965394
2514,580.557944877365
2515,575.025249724177
2516,529.955511088466
2517,676.77613090889
2518,685.317029038885
2519,555.407221005071
2520,403.272908047488
2521,498.207258668872
2522,329.865023686722
2523,598.11011834748
2524,387.592232723113
2525,377.825339213638
2526,603.304225775183
2527,462.426747912623
2528,499.612002876193
2529,602.084825808953
2530,414.223638367527
2531,441.250818240252
2532,429.048349480515
2533,542.647992080603
2534,453.320735557673
2535,714.100060402395
2536,492.287457733765
2537,394.425246415882
2538,456.129093071195
2539,535.353772124265
2540,457.338351885363
2541,487.393853411241
2542,424.155757469748
2543,680.401546670765
2544,283.562716884822
2545,473.097380437229
2546,499.825723425476
2547,436.071770010624
2548,591.082346977912
2549,610.440579659004
2550,395.629787018519
2551,348.655885182623
2552,552.473730535425
2553,468.031256685996
2554,648.364641601066
2555,328.173688254588
2556,427.093905682951
2557,460.399569436881
2558,152.42506950837
2559,501.162867881898
2560,579.283531144763
2561,602.825533029999
2562,529.758141307667
2563,679.969390005617
2564,597.881451350581
2565,514.757714333565
2566,539.894123662189
2567,530.671705131446
2568,566.453066833438
2569,495.093778441437
2570,430.591763386003
2571,358.282157989973
2572,543.353296692383
2573,423.26255537241
2574,436.334529688574
2575,361.147779851871
2576,403.052467398918
2577,514.074529355502
2578,515.231891803516
2579,525.269175952658
2580,557.06098093686
2581,461.488724448953
2582,420.500900148606
2583,542.15638002037
2584,394.1169280229
2585,381.272203855354
2586,417.421762696167
2587,465.49133888207
2588,553.737863087589
2589,505.526796761058
2590,595.26830327778
2591,498.100766922047
2592,580.539937753706
2593,515.169549712828
2594,497.324412602679
2595,619.559102333352
2596,476.51718202693
2597,520.121292872702
2598,412.293882780773
2599,518.348958453131
2600,393.707551521928
2601,476.487617797211
2602,400.721355978606
2603,573.299364577754
2604,495.973258522277
2605,516.334720153753
2606,542.557187552776
2607,501.206921112717
2608,626.321495255487
2609,588.311101056401
2610,605.801809750841
2611,487.819844430133
2612,333.14882742576
2613,292.938313499003
2614,310.190689721498
2615,536.42453255015
2616,327.315905504244
2617,485.883170435251
2618,398.460255163023
2619,482.564130119902
2620,636.086017389181
2621,443.533222253831
2622,540.991215841269
2623,552.41169111351
2624,470.728680006909
2625,456.527319401365
2626,595.449341080771
2627,390.896666288674
2628,537.204397927392
2629,562.303594302686
2630,485.872647402964
2631,463.50364895266
2632,372.199747663099
2633,423.564023091889
2634,534.84092601338
2635,429.029197249142
2636,545.229253125619
2637,365.515528159184
2638,466.967171730161
2639,243.098393481753
2640,484.273157072616
2641,409.733450258278
2642,520.131353778609
2643,459.421898444114
2644,522.408538887425
2645,555.882902621272
2646,617.066325170778
2647,359.46435676769
2648,504.177791872869
2649,553.713446309274
2650,313.258480562146
2651,478.77278330082
2652,311.49822648889
2653,530.234837283171
2654,454.025255854804
2655,426.552330157081
2656,306.344665524329
2657,436.871788169027
2658,455.975730619011
2659,404.089425062488
2660,585.51465975794
2661,390.993559929992
2662,553.235196637519
2663,633.169579023272
2664,664.710725517967
2665,448.011564808286
2666,536.567996964253
2667,516.775836398176
2668,539.871275780401
2669,497.603865619825
2670,519.394902296129
2671,449.224738158328
2672,417.197446325878
2673,516.317130802935
2674,539.734351073719
2675,528.275644574486
2676,598.629476863319
2677,496.571222274105
2678,603.238896012618
2679,364.900048703244
2680,500.651265382952
2681,542.012074849911
2682,426.442624437124
2683,501.85908313556
2684,516.556283842687
2685,564.183640240276
2686,329.453047272179
2687,536.054153616467
2688,559.037704757378
2689,457.419779544582
2690,438.933949999908
2691,420.31216123111
2692,574.187521912209
2693,487.899790050698
2694,533.960073036519
2695,483.268872900556
2696,523.078652974224
2697,553.513928763425
2698,482.817693812679
2699,471.479911197969
2700,497.962085136831
2701,488.378708811112
2702,505.45185639559
2703,519.808975510084
2704,464.083947279353
2705,555.941057891354
2706,451.367852824842
2707,515.101756411477
2708,590.12011633357
2709,353.650067827539
2710,563.396172920953
2711,498.594842746497
2712,560.351564395894
2713,375.37315765709
2714,486.997500555903
2715,564.795769108637
2716,383.217267785093
2717,626.400013923646
2718,586.316920950091
2719,351.992361416515
2720,632.814190102884
2721,577.811610598369
2722,301.177267973085
2723,459.924152455555
2724,490.921113247215
2725,455.665643091054
2726,569.332744011287
2727,479.54729873096
2728,487.23526747037
2729,522.852282812342
2730,449.824844656715
2731,598.578929139029
2732,562.061648360768
2733,555.454690033711
2734,459.583720495482
2735,511.228570783436
2736,485.905567144794
2737,405.851799939573
2738,548.446081018336
2739,520.75019052005
2740,500.500047863628
2741,516.7044035311
2742,473.602472221745
2743,593.667150916621
2744,404.352510532622
2745,431.13761172877
2746,582.841512438266
2747,477.563704495358
2748,464.040687868684
2749,425.594339632239
2750,505.985137126541
2751,454.741897795612
2752,444.46020446607
2753,418.636409725141
2754,611.357675875021
2755,479.391014226188
2756,432.04277124262
2757,431.497312551639
2758,534.780434333404
2759,486.527220786888
2760,494.399950698901
2761,551.082827752508
2762,453.97402510782
2763,532.175809179841
2764,371.987479798104
2765,532.203956370146
2766,495.183073809295
2767,464.080843967514
2768,540.205433141959
2769,294.183073754661
2770,470.716550003892
2771,476.223334185468
2772,442.674114743925
2773,478.324321544107
2774,375.310701242297
2775,476.116880283808
2776,570.200853597746
2777,425.295793588733
2778,431.466796443469
2779,537.713129217238
2780,485.708543257321
2781,377.004134604854
2782,146.55167003718
2783,486.353625273177
2784,502.14867684379
2785,394.911770704817
2786,349.173706387759
2787,284.915409052785
2788,219.309762947031
2789,407.739432414203
2790,538.96418094158
2791,541.112601198162
2792,471.538466242734
2793,451.582169748852
2794,473.592247254589
2795,660.800230700607
2796,468.163572515439
2797,539.365896529438
2798,575.019395026721
2799,407.916930166276
2800,412.561896968341
2801,472.151361723861
2802,450.081181393626
2803,327.618943079376
2804,422.503172233478
2805,660.188686190821
2806,484.902344127619
2807,518.071944663707
2808,318.362224176603
2809,604.108808979457
2810,369.853285953124
2811,546.038239921354
2812,490.045257454683
2813,473.447454183756
2814,521.854705287727
2815,566.901765556879
2816,443.440498358507
2817,402.656989816476
2818,447.604446603074
2819,305.524817461469
2820,552.765270480666
2821,498.109504193751
2822,369.900837748351
2823,462.404107048251
2824,577.531056085416
2825,402.526519200808
2826,386.874454107402
2827,540.467637006604
2828,505.660784667447
2829,513.873140050118
2830,575.360694684728
2831,539.023637913343
2832,553.267076116848
2833,497.968377524088
2834,426.518788857162
2835,472.693602439474
2836,421.252788437217
2837,542.095090071618
2838,697.655863821909
2839,369.428483884976
2840,478.890738677468
2841,458.09599068591
2842,323.415248282067
2843,450.189440372869
2844,311.671004205028
2845,500.006705553441
2846,777.501246764711
2847,411.681848129287
2848,401.039975903379
2849,363.767846126465
2850,437.023537944448
2851,409.807307945197
2852,568.312048274593
2853,394.925435495754
2854,504.708985771554
2855,556.185314067096
2856,614.532883060481
2857,506.277630283494
2858,300.361089572
2859,396.693331023384
2860,362.264266772799
2861,491.20023055676
2862,403.946895443361
2863,467.086109542535
2864,625.534238459474
2865,415.622209731245
2866,395.029141070007
2867,464.456977919346
2868,392.608389589899
2869,520.121447342415
2870,434.716276373698
2871,531.086515663687
2872,434.046234699123
2873,544.519445389129
2874,680.439861100688
2875,466.549489705647
2876,420.458737330074
2877,574.500747999872
2878,619.448931547719
2879,452.86655757329
2880,596.81791196226
2881,590.557636548025
2882,502.806901068255
2883,558.800372196762
2884,500.191816886935
2885,571.004839200778
2886,481.771264464681
2887,442.522375383798
2888,224.541049125225
2889,586.061728904304
2890,486.522816587059
2891,414.24145575329
2892,541.037389275983
2893,515.86411429621
2894,610.773578300472
2895,503.216883311535
2896,557.977569220508
2897,579.235534639753
2898,381.438492151331
2899,442.018620056384
2900,702.181613298807
2901,440.861917348694
2902,574.27334273545
2903,602.977401824446
2904,539.285010317276
2905,423.55847188305
2906,566.535095161212
2907,411.479313990547
2908,455.551611721426
2909,519.786458987382
2910,587.073403320836
2911,573.275237068725
2912,434.87765555217
2913,463.113643162764
2914,458.534055371464
2915,470.063890611385
2916,451.353992903694
2917,250.885476914094
2918,309.299178241594
2919,492.219707918057
2920,539.230970169981
2921,445.318595264995
2922,509.927942566088
2923,499.003421810385
2924,443.261416615115
2925,668.369850459392
2926,477.301050082631
2927,461.177669447269
2928,611.844775498599
2929,576.663151587764
2930,514.925424561161
2931,478.79495434952
2932,353.232291917883
2933,617.155363562363
2934,514.162195156419
2935,522.932188626525
2936,450.923501063604
2937,436.158139438603
2938,443.49323595256
2939,449.712629564694
2940,323.298971084435
2941,464.650942310356
2942,390.152264964105
2943,453.179970188763
2944,663.226529962261
2945,514.391847808621
2946,599.105234876667
2947,567.629440635462
2948,558.854583149838
2949,286.959360464122
2950,490.905990319107
2951,461.09478988718
2952,377.096741132486
2953,617.534458470866
2954,433.023771131272
2955,661.629886796335
2956,547.098347260767
2957,399.43159969782
2958,335.009492190185
2959,481.043227590231
2960,465.791475443891
2961,565.253504250584
2962,344.892638457904
2963,343.469342142097
2964,453.168229934018
2965,549.466069925405
2966,726.846297124631
2967,412.858626367337
2968,459.719462180269
2969,603.909850462808
2970,574.527821517806
2971,565.920660078219
2972,562.155173226315
2973,467.662219731835
2974,459.374269120233
2975,433.280560895451
2976,478.041005998138
2977,454.291936605513
2978,590.42566371332
2979,506.331806069596
2980,471.617651098759
2981,481.338301037867
2982,549.836223724488
2983,453.623955173591
2984,570.147233709066
2985,446.406100923447
2986,512.845792643717
2987,545.189917044436
2988,550.04334359649
2989,576.713674770396
2990,462.627608930711
2991,388.115907480725
2992,561.58206332689
2993,538.760298529621
2994,394.253702782823
2995,413.148759337617
2996,531.417702971059
2997,249.516266639906
2998,382.498095015287
2999,244.542968539645
3000,519.76626448735
3001,456.68936652663
3002,450.270709874341
3003,488.077007698964
3004,465.814848145128
3005,306.447376675053
3006,508.237028387426
3007,530.666511511334
3008,321.096707825449
3009,347.707857280304
3010,677.69988630259
3011,381.543921418766
3012,632.207839017287
3013,568.656939963586
3014,502.897833341003
3015,598.915143178701
3016,561.246106980114
3017,593.210493274142
3018,565.784600493685
3019,581.306777757823
3020,472.527584974766
3021,505.032650369948
3022,527.717353908948
3023,489.920377161836
3024,595.904648492815
3025,486.613250451503
3026,399.425557261055
3027,479.900840537669
3028,542.229301613855
3029,531.957419929287
3030,463.917717237829
3031,472.704643901382
3032,476.829539695147
3033,537.879633776302
3034,446.992973727127
3035,437.515608164137
3036,407.283623326825
3037,509.002289867458
3038,579.530660701432
3039,531.282074936669
3040,479.568246325709
3041,343.385080396698
3042,494.270149061089
3043,304.434476417989
3044,438.569085342525
3045,497.989189899135
3046,357.22869521738
3047,339.624747279612
3048,335.630722829204
3049,462.973013026273
3050,463.969774849102
3051,614.418193673608
3052,414.107359672402
3053,446.310244716739
3054,441.563735958054
3055,381.208099112654
3056,476.797574850692
3057,341.275182476386
3058,378.771834368303
3059,584.432256212086
3060,612.515481965498
3061,557.882211737291
3062,489.919598502264
3063,439.210236338224
3064,423.812152196434
3065,357.311904560607
3066,515.757173368091
3067,391.400620556601
3068,446.681766299749
3069,451.859676332659
3070,553.352193130607
3071,534.035227234198
3072,504.5396803928
3073,648.867990067524
3074,549.845442691098
3075,458.39754784002
3076,507.7024468025
3077,356.757470236416
3078,525.911935821157
3079,546.078503364495
3080,438.141200747997
3081,514.048219889476
3082,481.699634083128
3083,395.532099913411
3084,509.578337825448
3085,413.365454607006
3086,435.562051029874
3087,350.791915044989
3088,501.357749291723
3089,452.256284436622
3090,459.926741101017
3091,429.158433756919
3092,411.818853975462
3093,537.600654374992
3094,454.795165185283
3095,612.452091689078
3096,457.822616283518
3097,466.260144566783
3098,386.361898607797
3099,493.482853135191
3100,389.562471778774
3101,510.69461745456
3102,433.674246852599
3103,516.398026543515
3104,525.293238498664
3105,369.728098296078
3106,439.857632587691
3107,468.857033716208
3108,498.165044979618
3109,425.555110909985
3110,473.610596474099
3111,367.253757866638
3112,644.648971881025
3113,542.812712623233
3114,523.611244601382
3115,551.095040555236
3116,491.245065756246
3117,328.999768818393
3118,571.677612286822
3119,628.950143024898
3120,419.639528662419
3121,493.30576496926
3122,528.138500105012
3123,591.562431284402
3124,519.581261983821
3125,534.676547102592
3126,577.368680823182
3127,360.005884678817
3128,581.752271481914
3129,503.713143980063
3130,703.854431817468
3131,590.048209115853
3132,501.850056416805
3133,363.425811363545
3134,486.081600365885
3135,479.946026717779
3136,540.775723251166
3137,450.046305444577
3138,448.108021146252
3139,497.223070520638
3140,570.374516528057
3141,586.291782808449
3142,578.780765980128
3143,648.280616458927
3144,550.909043349666
3145,554.978332045591
3146,543.189521998063
3147,434.53901301424
3148,634.250157720113
3149,432.251740713329
3150,715.432629550137
3151,514.033252962653
3152,472.897287102341
3153,335.615904143141
3154,430.920924065104
3155,595.446822538156
3156,534.308906721674
3157,551.875510343801
3158,576.131424889776
3159,533.75023046982
3160,489.808479573418
3161,482.321920380661
3162,226.843866986992
3163,579.467060638705
3164,320.659466536299
3165,513.978035624292
3166,449.540139834429
3167,358.572233606112
3168,597.822820711997
3169,547.632908411509
3170,515.743888354011
3171,515.816785470699
3172,526.553183549525
3173,423.224332034691
3174,506.603678204873
3175,349.657165130291
3176,447.555055198339
3177,462.199643353121
3178,602.48623032946
3179,513.589839927452
3180,718.728669595026
3181,480.063822829078
3182,466.26148985952
3183,412.323019616622
3184,577.612481157445
3185,506.857196016571
3186,442.052054951071
3187,338.142695305376
3188,591.450573767238
3189,591.902792297337
3190,421.508409718623
3191,526.138951360113
3192,283.475310505399
3193,363.521078911929
3194,455.746548464116
3195,563.583727891278
3196,549.084898146814
3197,560.955411734004
3198,673.949743666901
3199,585.922244406544
3200,491.058145205723
3201,513.265901057153
3202,523.593272681761
3203,250.732389513024
3204,467.087386587401
3205,490.887365384524
3206,583.144662942294
3207,499.613564942087
3208,429.744057834531
3209,498.844366771084
3210,572.425788478441
3211,551.50153821763
3212,623.516510808275
3213,423.081713390793
3214,399.473279133977
3215,451.537448644975
3216,508.471636996067
3217,398.768919646633
3218,474.694060727249
3219,400.730420252684
3220,505.623663353845
3221,613.622610512378
3222,607.666796165376
3223,540.339131974698
3224,554.078115385369
3225,386.111565431984
3226,479.629005196491
3227,410.241688823177
3228,422.390309481539
3229,514.636595537427
3230,564.047869386616
3231,552.094564010246
3232,502.787211951738
3233,308.331565095302
3234,473.318508193613
3235,429.692673984714
3236,458.52017219482
3237,554.755317528228
3238,341.347957900779
3239,496.316651244459
3240,441.488163408076
3241,524.212060180446
3242,373.874670134759
3243,465.052573598671
3244,520.536317001056
3245,432.28895763897
3246,469.115202878909
3247,612.671728513308
3248,386.148504028418
3249,660.42486285004
3250,378.805409925141
3251,517.703225315808
3252,381.811669648985
3253,590.550751933966
3254,530.340986185943
3255,517.576519242774
3256,457.374427199814
3257,573.630184123565
3258,498.187084924542
3259,491.524395291894
3260,438.881099923226
3261,495.669093575405
3262,403.910078723896
3263,494.839469471121
3264,506.178060159391
3265,426.097772038467
3266,478.655989061011
3267,471.039236003958
3268,438.29193047988
3269,512.933945820567
3270,493.053733167873
3271,346.020265961516
3272,498.545804141701
3273,628.734260518264
3274,496.159835316334
3275,359.35781909069
3276,353.92315555407
3277,417.162230900869
3278,445.120594586386
3279,503.793955316434
3280,533.669102877796
3281,477.74927152186
3282,317.167651480397
3283,506.396340543519
3284,473.132249598087
3285,460.940786757447
3286,442.900584794561
3287,491.804155005456
3288,311.506121962571
3289,546.955928486566
3290,496.169738812361
3291,571.416771084764
3292,405.050319640683
3293,528.211436882309
3294,467.758304294976
3295,490.608773200563
3296,332.520436689015
3297,442.785177660954
3298,466.367191513084
3299,654.613273993404
3300,416.192412014121
3301,633.114435925815
3302,466.619184898409
3303,498.797202444889
3304,415.551063983367
3305,559.95503255253
3306,522.06010002682
3307,461.659805039202
3308,387.718422415626
3309,488.728634254748
3310,572.067359012193
3311,395.627423041191
3312,469.071907237598
3313,561.927646188007
3314,584.669519192188
3315,542.459061965105
3316,615.376089001927
3317,415.917306541743
3318,505.04355337522
3319,552.042999314579
3320,554.025882431013
3321,459.279574550019
3322,459.30676842028
3323,504.39984341312
3324,203.275738923507
3325,454.119729041689
3326,385.735023841312
3327,429.206470563763
3328,476.822134854687
3329,323.785481753325
3330,428.100534934737
3331,455.21439173917
3332,603.602378326673
3333,471.670421210294
3334,534.149896674287
3335,458.743255067494
3336,347.675402765884
3337,408.211631944247
3338,421.261884301081
3339,545.437091997645
3340,439.423813765705
3341,582.016691915028
3342,487.552320699513
3343,496.132325226645
3344,530.323693916618
3345,447.533226539518
3346,520.302430682329
3347,610.112070255703
3348,547.630481111155
3349,557.949428075035
3350,440.262063403348
3351,386.905445130506
3352,661.038251425648
3353,521.537780684166
3354,585.780868591464
3355,391.32849650742
3356,453.448405360058
3357,524.023692406711
3358,434.288171261677
3359,613.183090172114
3360,423.457823858451
3361,690.543997991519
3362,512.044462804449
3363,455.95480891419
3364,462.109552372436
3365,471.360879143105
3366,442.938603739885
3367,580.943444182945
3368,471.694151358904
3369,495.726321114765
3370,456.944731172893
3371,542.089529391811
3372,433.47247993354
3373,585.803742453434
3374,413.832997294111
3375,434.683472460462
3376,386.800245134217
3377,455.234358453223
3378,519.727865980486
3379,479.343648180602
3380,375.964565788501
3381,418.41612744745
3382,619.97454474669
3383,434.917968998909
3384,645.667997870769
3385,370.993343950512
3386,460.483783115807
3387,330.673789238614
3388,478.40434021489
3389,466.107880130766
3390,385.269201936406
3391,431.501760950926
3392,329.523458314891
3393,451.134055610421
3394,467.360751640477
3395,469.318342445999
3396,476.867574722277
3397,572.975782624559
3398,531.18350779297
3399,352.245287141567
3400,690.65672066997
3401,457.566395186159
3402,461.414361395064
3403,526.181529076276
3404,359.005925268843
3405,409.614356799394
3406,453.925059100138
3407,628.261927425299
3408,548.413261019356
3409,543.840676773917
3410,478.000504474095
3411,428.862399310468
3412,408.908739500539
3413,518.817240977395
3414,537.717877809041
3415,605.022385841167
3416,564.781550374939
3417,582.957475322343
3418,578.022235605067
3419,453.246391550537
3420,547.172886620541
3421,485.542933426302
3422,409.382594961826
3423,418.272865607387
3424,499.888440115462
3425,473.28370341684
3426,505.472787146902
3427,595.945688427378
3428,433.900617022508
3429,431.376108719085
3430,506.708832749637
3431,392.913539249991
3432,519.038999115859
3433,440.080392751338
3434,495.915452800844
3435,353.073325526476
3436,493.372604649278
3437,477.6509273502
3438,339.858829429136
3439,326.787580297839
3440,466.192863895258
3441,437.90592819015
3442,617.73948832967
3443,320.790852385784
3444,514.120689393244
3445,508.323184345433
3446,580.955864612658
3447,472.024383916417
3448,585.521868316574
3449,536.551374048306
3450,475.85356653868
3451,437.383036885465
3452,438.441640898927
3453,556.68321311977
3454,491.396981281966
3455,571.225110906974
3456,465.55709821642
3457,443.208684153491
3458,426.062058894525
3459,452.613207663679
3460,843.484540617033
3461,381.115295981943
3462,613.353199065555
3463,644.39350420077
3464,490.348706396096
3465,473.609572331929
3466,390.127983101986
3467,572.76740958809
3468,523.261241809996
3469,451.853147995764
3470,515.078156411661
3471,252.43109840637
3472,359.557300499891
3473,430.158790196885
3474,424.744852375901
3475,697.070096269477
3476,453.515788750902
3477,498.570792561646
3478,494.774053208828
3479,496.770711253895
3480,391.518960883971
3481,567.751892087255
3482,487.380598774632
3483,658.573282825921
3484,269.663179702427
3485,497.581744769406
3486,352.706322352243
3487,543.699599489781
3488,380.929075789191
3489,512.513513239065
3490,498.781935427367
3491,449.552652183362
3492,599.449882052126
3493,526.782755089989
3494,506.169422229487
3495,452.526289282659
3496,605.347738567728
3497,604.56284295174
3498,498.028171799133
3499,476.6731895732
3500,466.776559722443
3501,375.145319808674
3502,609.089436132491
3503,407.33202675114
3504,404.252974458111
3505,458.996031960687
3506,542.681036599185
3507,619.114037960971
3508,569.021077807035
3509,290.023812775767
3510,525.207131268349
3511,419.407858664552
3512,468.573135316969
3513,484.310748625008
3514,492.999017307333
3515,461.349728858787
3516,595.634230581676
3517,583.313742726909
3518,460.458583992149
3519,484.170190088778
3520,449.856361738971
3521,422.112721674294
3522,435.09753645342
3523,447.489539403911
3524,484.424018839629
3525,579.920233889502
3526,519.31653847161
3527,497.239262689634
3528,594.810474895112
3529,313.220267508893
3530,477.56900693108
3531,522.377357278798
3532,487.356275263831
3533,569.78025200411
3534,471.444985670083
3535,667.055789582495
3536,471.217038444928
3537,416.831749268393
3538,516.156199539939
3539,448.154734696027
3540,610.482715741918
3541,494.174368797741
3542,506.946465122002
3543,488.801187238019
3544,588.71248290834
3545,422.010061179991
3546,306.845683248516
3547,507.451911554512
3548,442.386392278823
3549,358.414164205039
3550,469.799919946285
3551,507.881856267705
3552,693.836575203225
3553,339.134552929004
3554,452.246863772214
3555,651.251067943578
3556,517.184251919961
3557,486.438351178399
3558,489.430846346916
3559,494.72005397624
3560,492.387595521147
3561,457.906061229865
3562,524.943388072465
3563,472.67728014668
3564,454.529430599235
3565,662.707904369736
3566,664.807734435149
3567,379.01789798763
3568,545.681104207494
3569,300.948056244928
3570,291.194938015359
3571,337.82852080542
3572,422.041994113434
3573,432.790146496037
3574,541.110920663875
3575,452.517075363363
3576,412.566965718709
3577,518.121624620304
3578,316.063633118543
3579,361.902368553906
3580,386.349767118645
3581,404.472796219313
3582,462.381486859694
3583,486.036553293362
3584,650.089626852953
3585,342.700704776355
3586,391.177812034186
3587,503.457391852496
3588,481.934694458021
3589,664.102443924694
3590,432.926010204314
3591,523.84841363471
3592,408.890118342591
3593,477.698773734201
3594,549.531589604662
3595,660.944608631645
3596,383.790742218165
3597,703.236304011044
3598,533.43632847863
3599,430.777830917886
3600,648.711007387778
3601,462.950687297905
3602,552.102222539645
3603,633.648382554989
3604,562.105317993462
3605,609.093620856534
3606,510.523769525766
3607,596.525377464115
3608,489.03978491497
3609,536.021930411369
3610,554.830748180369
3611,395.429332802512
3612,498.186961537297
3613,294.256269203618
3614,528.933070006806
3615,432.295925327243
3616,457.583939498364
3617,454.943489771203
3618,556.278430921272
3619,376.088468161072
3620,425.40167046639
3621,330.501344607981
3622,554.700190645958
3623,455.681725499937
3624,464.849343089008
3625,467.532182167932
3626,505.752423645365
3627,492.717108207886
3628,368.548120175293
3629,398.733967143299
3630,593.88970799883
3631,536.132291029971
3632,643.492747396374
3633,299.306027954847
3634,413.995242744867
3635,409.585539157348
3636,571.375422979806
3637,455.727743292237
3638,558.449968554061
3639,487.135963524034
3640,403.963832453961
3641,629.118009732649
3642,487.619060750142
3643,458.837754793764
3644,592.796412315344
3645,439.879747918581
3646,364.522652997912
3647,617.540052831951
3648,471.478399513315
3649,387.550595947354
3650,508.362795352789
3651,551.832900688653
3652,541.028908532006
3653,572.603230516542
3654,465.064785226804
3655,654.148582720119
3656,384.407775557256
3657,506.361438282303
3658,477.974810311496
3659,494.46236530235
3660,649.231898256603
3661,352.486229513553
3662,537.676022692385
3663,449.400723814378
3664,393.193050409038
3665,406.913686533326
3666,422.173974622099
3667,382.393179288937
3668,429.275339863464
3669,538.585570394914
3670,432.960209092188
3671,646.596299890626
3672,533.263234939686
3673,587.939225467191
3674,563.188153225493
3675,290.813772859782
3676,469.317605751156
3677,519.074930836795
3678,566.413958432459
3679,583.537965819612
3680,405.59555252947
3681,358.344530415104
3682,464.793638958578
3683,464.691768468743
3684,344.513230598788
3685,485.179544163254
3686,424.642638389241
3687,321.64704489424
3688,464.463842445749
3689,411.821022776777
3690,612.296488586426
3691,445.738551775733
3692,517.001260980865
3693,479.062871225633
3694,506.288969738104
3695,501.897413081203
3696,476.493811374982
3697,491.395582352847
3698,479.594806444891
3699,350.555100210521
3700,490.515678993466
3701,515.885223993672
3702,367.011772842951
3703,395.118281670506
3704,448.925554908857
3705,508.78999649301
3706,446.243359976897
3707,469.004708051597
3708,537.723112996712
3709,496.652172109586
3710,418.763835629285
3711,495.475863989531
3712,502.293787138207
3713,579.74824539053
3714,512.435783504761
3715,520.270701482966
3716,346.728864215912
3717,656.29019723724
3718,438.202192215256
3719,370.948950566865
3720,556.792284897158
3721,393.173082349705
3722,520.327484714538
3723,526.632890830923
3724,464.297184635787
3725,512.370703932768
3726,391.738384200526
3727,498.176387563382
3728,690.078502425941
3729,418.965645133925
3730,287.232349927309
3731,441.584371496672
3732,432.411704118469
3733,574.782892864143
3734,307.286581355189
3735,562.916877495388
3736,441.988956917211
3737,564.335355098929
3738,429.121487648264
3739,421.471440581727
3740,465.647875475838
3741,478.269374711346
3742,491.185818524571
3743,440.250417626984
3744,385.067155978584
3745,522.14561671242
3746,330.850876474515
3747,399.145350754011
3748,464.95990171695
3749,508.744022103182
3750,502.518185573671
3751,415.030445846266
3752,298.844820605651
3753,365.73205908322
3754,480.948348658121
3755,247.403257052123
3756,499.326307400725
3757,487.962035033563
3758,578.369885815996
3759,455.682481067233
3760,341.08278840227
3761,361.292874764853
3762,525.655864560933
3763,525.022632502665
3764,628.876608629625
3765,414.103331703399
3766,432.973694203192
3767,495.350624344496
3768,414.312275649859
3769,595.69813324635
3770,394.266073162408
3771,412.41552482796
3772,539.427793066137
3773,626.12219330693
3774,487.260324162472
3775,294.227543626374
3776,392.450968249354
3777,396.23955390578
3778,445.248527167109
3779,506.277467267682
3780,507.248934711289
3781,444.912271693617
3782,453.478274883669
3783,510.280701467636
3784,590.240312158038
3785,451.504593669535
3786,326.019528635573
3787,459.095182816374
3788,360.083461740075
3789,343.778488439714
3790,510.536885183486
3791,577.619999275772
3792,331.250625462531
3793,478.49285089911
3794,495.529399816759
3795,449.401138753056
3796,383.830848507723
3797,593.637976247277
3798,582.983319609687
3799,598.103206893625
3800,428.063774566901
3801,538.498643189431
3802,342.863968681517
3803,413.85334921179
3804,508.893435940955
3805,614.590219136248
3806,432.39169280071
3807,452.727130328663
3808,588.529180739241
3809,529.070909940568
3810,608.140594482942
3811,504.480518589227
3812,526.070351341946
3813,523.849471435124
3814,432.294816893779
3815,663.258035415385
3816,383.947558169599
3817,402.890717730904
3818,600.484099747819
3819,564.923799980382
3820,395.050967113719
3821,477.602006545316
3822,436.504200166308
3823,442.2622922886
3824,515.505749499051
3825,575.080716387041
3826,577.264048176212
3827,520.452868557831
3828,368.29823027985
3829,428.030598750819
3830,477.417128533636
3831,664.91155744858
3832,543.971390255539
3833,403.127965220329
3834,445.538812763536
3835,606.181895173427
3836,434.667818043185
3837,454.440620812261
3838,433.436772934741
3839,480.833706714839
3840,572.133963164071
3841,561.805227716844
3842,389.404671951375
3843,558.88382481361
3844,520.972038192941
3845,487.463407440981
3846,562.015876110308
3847,383.817117788349
3848,357.547051856673
3849,402.270253457598
3850,428.78520763961
3851,413.763500304554
3852,489.522537594641
3853,536.965937257423
3854,499.38258285225
3855,385.731372149777
3856,549.524156603971
3857,250.993272337337
3858,417.877724890904
3859,484.177459213964
3860,497.676049646852
3861,406.982216115936
3862,423.112891025926
3863,461.348096961465
3864,515.498550933989
3865,367.083742379999
3866,410.649769971208
3867,601.720535335749
3868,411.245497289864
3869,349.457730865877
3870,502.751674538258
3871,461.933282539762
3872,555.381083082438
3873,366.774969696752
3874,513.03894367579
3875,544.263621706227
3876,420.879859237958
3877,534.253401640154
3878,458.023547550451
3879,515.496731498378
3880,386.138645300311
3881,469.324169537032
3882,463.768077012434
3883,446.883343123092
3884,537.659010255751
3885,404.653669854307
3886,515.897449404817
3887,456.924442810398
3888,479.214112205392
3889,476.862251724028
3890,549.364696513927
3891,422.322591613821
3892,267.069404867994
3893,501.514749848478
3894,506.24221607797
3895,381.085680914051
3896,445.355725940131
3897,500.740527243042
3898,256.998878761579
3899,568.84695190975
3900,514.634017071721
3901,515.584351606551
3902,454.251190336955
3903,558.171537513413
3904,518.912647678612
3905,555.541422283301
3906,551.803190090413
3907,392.283539303945
3908,440.029172135053
3909,406.708849781194
3910,317.128695414406
3911,381.328073285132
3912,522.779104043055
3913,568.431206572878
3914,665.782332638983
3915,580.352813305286
3916,652.76022577193
3917,449.876972915017
3918,441.361796177763
3919,455.449602178534
3920,641.849438913959
3921,511.061812525561
3922,472.104435099481
3923,455.593081495755
3924,475.719179052643
3925,627.510579076655
3926,608.98137607816
3927,453.29884622638
3928,540.063855688512
3929,395.665956601906
3930,460.19321835473
3931,493.707071826296
3932,465.480789564795
3933,422.664006930738
3934,695.97615527245
3935,517.402920137843
3936,562.467060088151
3937,585.720920581056
3938,440.072180473353
3939,440.528848929546
3940,369.04279030545
3941,442.436854633306
3942,537.58578852021
3943,515.854359229892
3944,545.191828000269
3945,317.173077213863
3946,220.396065685932
3947,442.423540027705
3948,452.942276262388
3949,455.85195641765
3950,381.552400665738
3951,529.723357809271
3952,342.852352242187
3953,551.094730091894
3954,454.019558021806
3955,530.928775439263
3956,381.254586881062
3957,556.757200928304
3958,411.231807791623
3959,645.239167366737
3960,409.707448862588
3961,367.717922279721
3962,531.037293527552
3963,474.914200518657
3964,543.487173752059
3965,466.264087132275
3966,426.799941792346
3967,540.335820111441
3968,639.721919462516
3969,471.955322693072
3970,401.869103833781
3971,526.399299376846
3972,611.281598859553
3973,295.559716909087
3974,467.44916180477
3975,491.72291309776
3976,510.216017597607
3977,537.346104100685
3978,285.943493463338
3979,402.050833230124
3980,447.265504184976
3981,622.033173871779
3982,372.220837861943
3983,512.395419857476
3984,595.280884788355
3985,534.266295058659
3986,383.726308308516
3987,584.901398020325
3988,607.204671015799
3989,381.515199396359
3990,358.022257012874
3991,559.003886357466
3992,489.126292286078
3993,567.772309839612
3994,600.202205691371
3995,449.528969979713
3996,477.397950483448
3997,334.639997614321
3998,357.220958127098
3999,502.695166197481
4000,442.032446349863